OBJECTID,CSA2010,mort64_11,mort64_12,mort64_13,mort64_14,mort64_15,mort64_16,mort64_17,mort64_18,SHAPE_Length,SHAPE_Area
1,Allendale/Irvington/S. Hilton,134.2819031,129.3908404,102.2676745,126.722988,124.4997777,135.6158293,140.506892,152.5122277,38770.1655711966,63770461.7790932
2,Beechfield/Ten Hills/West Hills,89.19382504,96.05488851,71.46941109,94.33962264,92.62435678,93.76786735,96.05488851,90.90909091,37524.9505333862,47882527.7112373
3,Belair-Edison,100.621118,105.5900621,86.54244306,106.0041408,110.1449275,118.0124224,118.8405797,126.2939959,31307.3148434905,44950030.4722053
4,Brooklyn/Curtis Bay/Hawkins Point,145.845786,155.4094441,114.7638972,147.6389719,151.8230723,159.5935445,158.3980873,164.3753736,150987.70363871,176077742.748461
5,Canton,78.8243153,74.81629927,57.44822979,73.48029392,80.16032064,76.15230461,66.8002672,57.44822979,23338.6119476392,15408538.2249734
6,Cedonia/Frankford,95.71865443,95.41284404,79.81651376,97.85932722,101.2232416,101.2232416,107.9510703,111.6207951,39962.5498346887,71541340.306082
7,Cherry Hill,140.2439024,142.6829268,113.4146341,135.3658537,135.3658537,140.2439024,135.3658537,153.6585366,22305.3020666774,29144181.351516
8,Chinquapin Park/Belvedere,97.87626962,107.10988,85.87257618,101.5697138,106.1865189,96.95290859,86.79593721,95.10618652,21705.411630324,21022590.1303212
9,Claremont/Armistead,127.1102284,132.0754717,110.2284012,133.0685204,141.0129096,135.0546177,144.9851043,150.9433962,40104.4159801772,61243774.4204004
10,Clifton-Berea,194.9514563,185.631068,146.0194175,182.5242718,198.0582524,189.5145631,190.2912621,186.407767,24022.7646207856,23285233.9251306
11,Cross-Country/Cheswolde,31.84466019,58.25242718,43.49514563,43.49514563,45.82524272,47.37864078,48.15533981,46.60194175,26788.3018784185,38222018.3165464
12,Dickeyville/Franklintown,106.8859198,108.9414183,88.38643371,106.8859198,102.7749229,106.8859198,115.1079137,115.1079137,31637.8174238148,35719112.414486
13,Dorchester/Ashburton,113.1964809,112.6099707,89.73607038,111.4369501,119.0615836,127.8592375,135.483871,139.5894428,27136.0757115223,34118277.1815219
14,Downtown/Seton Hill,214.4821265,203.4830431,157.6535289,177.8185151,177.8185151,155.8203483,164.9862511,188.8175985,21565.8593945388,20736554.4071934
15,Edmondson Village,120.2082347,120.2082347,95.59867487,124.9408424,115.4756271,128.7269285,131.5664931,124.9408424,21504.5513578719,23563061.0426838
16,Fells Point,77.14123653,82.81338627,60.12478729,71.46908678,66.93136699,65.79693704,61.25921724,61.25921724,27670.1699158504,12620515.7178779
17,Forest Park/Walbrook,113.1815045,114.5617667,95.23809524,106.2801932,107.6604555,123.5334714,123.5334714,129.0545204,36886.899781185,37200535.0297002
18,Glen-Fallstaff,43.7105391,76.25060709,63.13744536,55.85235551,70.90820787,84.50704225,91.30645945,98.10587664,48549.0046179359,46995477.4779553
19,Greater Charles Village/Barclay,109.4801223,118.6544343,107.0336391,131.4984709,133.3333333,143.1192661,138.2262997,144.9541284,26454.2692113378,27051213.4555493
20,Greater Govans,102.8295376,102.8295376,84.19599724,116.6321601,120.7729469,118.0124224,124.2236025,126.2939959,22982.1257150065,22698495.7172767
21,Greater Mondawmin,129.8593879,133.9950372,114.1439206,146.4019851,162.1174524,162.1174524,172.0430108,183.6228288,31136.7318903894,33663448.2791136
22,Greater Roland Park/Poplar Hill,33.21678322,33.21678322,29.72027972,33.21678322,34.09090909,32.34265734,32.34265734,34.09090909,39862.7497953315,56688145.179702
23,Greater Rosemont,145.7824535,143.1523577,111.21548,146.1581815,141.6494458,156.3028367,162.6902123,158.1814766,32559.0762212062,42204384.5422658
24,Greenmount East,167.0077773,175.1944331,160.4584527,173.5571019,175.1944331,173.5571019,176.8317642,171.9197708,20797.473457859,19072287.8238042
25,Hamilton,71.61945484,76.42971673,56.65419562,89.25708177,94.60181721,103.6878675,107.9636558,104.7568145,27712.1110914795,45191100.5593894
26,Harbor East/Little Italy,116.8831169,118.5064935,97.4025974,125,129.8701299,129.8701299,134.7402597,125,18552.4075815481,10215859.0840198
27,Harford/Echodale,80.46471601,81.7555938,70.13769363,86.91910499,86.05851979,81.7555938,85.1979346,88.20998279,40019.1854001864,65360039.1701278
28,Highlandtown,118.2481752,109.4890511,93.43065693,119.7080292,119.7080292,118.2481752,127.0072993,118.2481752,14976.1238513953,11684191.1190149
29,Howard Park/West Arlington,108.6001255,108.6001255,82.23477715,98.5561833,103.5781544,103.5781544,101.0671689,96.67294413,36034.4984469622,63262430.0731008
30,Inner Harbor/Federal Hill,83.63490149,86.85162847,71.57217531,82.026538,75.59308404,64.33453961,54.68435867,60.31363088,43415.0595477941,24995836.2620936
31,Lauraville,83.5117773,78.69379015,60.49250535,77.08779443,77.08779443,77.62312634,74.4111349,80.29978587,34419.6765281197,49665744.2382935
32,Loch Raven,86.85608686,84.08408408,67.91406791,81.31208131,86.39408639,89.62808963,89.62808963,93.78609379,29314.3346718106,44147812.3259686
33,Madison/East End,166.003411,176.236498,142.1262081,173.9624787,172.825469,183.058556,176.236498,172.825469,13120.1587193821,8897845.19137351
34,Medfield/Hampden/Woodberry/Remington,98.69598568,97.16185119,76.19534646,95.11633853,97.16185119,103.2983892,101.2528765,99.20736385,43152.6256992199,62441489.2397897
35,Midtown,113.1687243,109.739369,87.10562414,109.0534979,106.9958848,109.0534979,106.3100137,106.9958848,25020.0969697781,23823949.929494
36,Midway/Coldstream,155.0509005,145.6538763,115.8966327,142.5215348,145.6538763,146.4369616,146.4369616,140.1722788,22767.8274161691,17884471.2860874
37,Morrell Park/Violetville,135.7813834,130.6575576,106.7463706,142.6131512,134.9274125,144.3210931,151.1528608,146.883006,44412.7451302931,67470845.9897077
38,Mount Washington/Coldspring,52.76705277,46.33204633,29.6010296,43.75804376,43.75804376,39.8970399,48.90604891,42.47104247,38539.7661484923,56943058.650076
39,North Baltimore/Guilford/Homeland,54.70675209,53.22819123,39.4282898,51.25677674,48.79250862,50.76392311,49.28536225,46.82109414,42904.2221443837,74923987.6939622
40,Northwood,90.88613986,89.87629387,72.20398889,90.38121686,96.94521585,96.94521585,91.89598586,92.90583186,38889.8945910241,52743271.7685975
41,Oldtown/Middle East,107.0681723,121.2881639,105.3952321,151.4010874,167.2940192,176.4951903,172.3128398,184.8598913,23866.328178856,24585968.2339966
42,Orangeville/East Highlandtown,145.8541459,150.8491508,121.8781219,146.8531469,137.8621379,126.8731269,122.8771229,118.8811189,47825.8629265765,89894372.2114828
43,Patterson Park North & East,126.5171019,137.5505701,119.1614564,134.6083119,133.8727473,128.7237955,125.7815373,130.1949246,21786.3746600731,14507643.2040733
44,Penn North/Reservoir Hill,137.737175,130.7097681,103.3028812,126.493324,123.6823612,134.2234715,144.0618412,153.9002108,29078.8384985474,41059796.6771503
45,Pimlico/Arlington/Hilltop,155.3223388,157.7211394,128.9355322,166.1169415,157.1214393,163.1184408,157.1214393,172.113943,24725.9340693497,30400962.0052273
46,Poppleton/The Terraces/Hollins Market,217.1602126,197.4183751,151.8602885,198.936978,198.936978,195.8997722,215.6416097,215.6416097,12334.0275347364,9302012.99882708
47,Sandtown-Winchester/Harlem Park,158.484924,165.4622477,126.0902068,160.9768253,166.9573885,171.9411911,171.4428109,174.4330924,20987.1433066415,23672092.8680536
48,South Baltimore,95.6937799,86.12440191,78.14992026,76.55502392,79.74481659,79.74481659,74.96012759,68.58054226,68440.0258267645,46353935.42529
49,Southeastern,122.1374046,122.1374046,101.7811705,128.4987277,146.3104326,151.3994911,160.3053435,157.7608142,102291.480547452,111251478.472831
50,Southern Park Heights,145.8100559,144.1340782,116.2011173,158.6592179,152.5139665,155.3072626,155.3072626,148.603352,24052.2213722085,27876227.5906738
51,Southwest Baltimore,177.581864,169.6053736,131.8219983,160.7892527,160.7892527,178.4214945,181.7800168,196.4735516,28355.5635813649,37766068.8367913
52,The Waverlies,114.1226819,121.7308607,95.1022349,116.9757489,122.681883,120.7798383,118.8777936,119.828816,18733.8268797396,20383750.5443637
53,Upton/Druid Heights,184.4930417,172.5646123,139.9602386,170.9741551,177.3359841,184.4930417,200.3976143,193.2405567,19389.3078211947,16976622.3381282
54,Washington Village/Pigtown,122.4152192,124.0694789,102.5641026,133.9950372,155.5004136,165.4259719,167.0802316,162.1174524,36962.2600947345,39343262.0375946
55,Westport/Mount Winans/Lakeland,88.0733945,96.63608563,91.74311927,101.529052,112.5382263,117.4311927,121.1009174,129.6636086,42573.1244161893,45494092.9497963
